<?xml version="1.0"?>
<doc>
    <assembly>
        <name>Microsoft.Practices.EnterpriseLibrary.WindowsAzure.Autoscaling.Configuration</name>
    </assembly>
    <members>
        <member name="T:Microsoft.Practices.EnterpriseLibrary.WindowsAzure.Autoscaling.Configuration.AutoscalingDesignTime">
            <summary>
            Class that contains common type names and metadata used by the designtime.
            </summary>
        </member>
        <member name="T:Microsoft.Practices.EnterpriseLibrary.WindowsAzure.Autoscaling.Configuration.AutoscalingDesignTime.CommandTypeNames">
            <summary>
            Class that contains common command types used by the designtime.
            </summary>
        </member>
        <member name="T:Microsoft.Practices.EnterpriseLibrary.WindowsAzure.Autoscaling.Configuration.ComponentModel.Editors.AzureStorageConnectionString">
            <summary>
            Represents an Azure Storage Connection String.
            </summary>
        </member>
        <member name="T:Microsoft.Practices.EnterpriseLibrary.WindowsAzure.Autoscaling.Configuration.ComponentModel.Editors.AzureStorageConnectionStringDialog">
            <summary>
            A Microsoft Windows Azure Storage Account connection string editing window.
            </summary>
            <seealso cref="T:Microsoft.Practices.EnterpriseLibrary.Configuration.Design.ComponentModel.Editors.PopupTextEditor"/>
            <summary>
            AzureStorageConnectionStringDialog
            </summary>
        </member>
        <member name="M:Microsoft.Practices.EnterpriseLibrary.WindowsAzure.Autoscaling.Configuration.ComponentModel.Editors.AzureStorageConnectionStringDialog.#ctor">
            <summary>
            Initializes a new <see cref="T:Microsoft.Practices.EnterpriseLibrary.WindowsAzure.Autoscaling.Configuration.ComponentModel.Editors.AzureStorageConnectionStringDialog"/>.
            </summary>
            <remarks>
            This is the dialog displayed by the <see cref="T:Microsoft.Practices.EnterpriseLibrary.WindowsAzure.Autoscaling.Configuration.ComponentModel.Editors.AzureStorageConnectionStringEditor"/>.
            </remarks>
        </member>
        <member name="M:Microsoft.Practices.EnterpriseLibrary.WindowsAzure.Autoscaling.Configuration.ComponentModel.Editors.AzureStorageConnectionStringDialog.InitializeComponent">
            <summary>
            InitializeComponent
            </summary>
        </member>
        <member name="T:Microsoft.Practices.EnterpriseLibrary.WindowsAzure.Autoscaling.Configuration.ComponentModel.Editors.AzureStorageConnectionStringEditor">
            <summary>
            The <see cref="T:Microsoft.Practices.EnterpriseLibrary.WindowsAzure.Autoscaling.Configuration.ComponentModel.Editors.AzureStorageConnectionStringEditor"/> provides a Azure Storage connection string 
            value to edit in a modal window.
            </summary>
            <remarks>
            This editor can be applied to a <see cref="T:System.Configuration.ConfigurationElement"/> property with the
            <see cref="T:System.ComponentModel.EditorAttribute"/> using the <see cref="T:Microsoft.Practices.EnterpriseLibrary.WindowsAzure.Autoscaling.Configuration.ComponentModel.Editors.AzureStorageConnectionStringEditor"/>
            for the <see cref="P:System.ComponentModel.EditorAttribute.EditorTypeName"/>.
            </remarks>
            <seealso cref="T:Microsoft.Practices.EnterpriseLibrary.WindowsAzure.Autoscaling.Configuration.ComponentModel.Editors.AzureStorageConnectionStringDialog"/>
        </member>
        <member name="M:Microsoft.Practices.EnterpriseLibrary.WindowsAzure.Autoscaling.Configuration.ComponentModel.Editors.AzureStorageConnectionStringEditor.EditValue(System.ComponentModel.ITypeDescriptorContext,System.IServiceProvider,System.Object)">
            <summary>
            Allows the user to edit the specific value in a dialog by displaying <see cref="T:Microsoft.Practices.EnterpriseLibrary.WindowsAzure.Autoscaling.Configuration.ComponentModel.Editors.AzureStorageConnectionStringDialog"/> to the user.
            </summary>
            <returns> The new value of the object. If the value of the object has not changed, this should return the same object it was passed. </returns>
            <param name="context">An <see cref="T:System.ComponentModel.ITypeDescriptorContext"/> that can be used to gain additional context information.</param>
            <param name="provider">An <see cref="T:System.IServiceProvider"/> that this editor can use to obtain services.</param>
            <param name="value">The object to edit.</param>
        </member>
        <member name="M:Microsoft.Practices.EnterpriseLibrary.WindowsAzure.Autoscaling.Configuration.ComponentModel.Editors.AzureStorageConnectionStringEditor.GetEditStyle(System.ComponentModel.ITypeDescriptorContext)">
            <summary>
            Gets the editor style used by <see cref="T:Microsoft.Practices.EnterpriseLibrary.Configuration.Design.ComponentModel.Editors.PopupTextEditor"/>.
            </summary>
            <returns>
            A <see cref="F:System.Drawing.Design.UITypeEditorEditStyle.Modal"/>.
            </returns>
            <param name="context">An <see cref="T:System.ComponentModel.ITypeDescriptorContext"/> that can be used to gain additional context information. </param>
        </member>
        <member name="T:Microsoft.Practices.EnterpriseLibrary.WindowsAzure.Autoscaling.Configuration.ComponentModel.Editors.TimeSpanEditorControl">
            <summary>
            Interaction logic for TimeSpanEditorControl.xaml
            </summary>
            <summary>
            TimeSpanEditorControl
            </summary>
        </member>
        <member name="M:Microsoft.Practices.EnterpriseLibrary.WindowsAzure.Autoscaling.Configuration.ComponentModel.Editors.TimeSpanEditorControl.InitializeComponent">
            <summary>
            InitializeComponent
            </summary>
        </member>
        <member name="T:Microsoft.Practices.EnterpriseLibrary.WindowsAzure.Autoscaling.Configuration.Design.ViewModel.AddAutoscalingBlockCommand">
            <summary>
            This class supports block-specific configuration design-time and is not
            intended to be used directly from your code.
            </summary>
        </member>
        <member name="T:Microsoft.Practices.EnterpriseLibrary.WindowsAzure.Autoscaling.Configuration.Design.ViewModel.AutoscalingSettingsViewModel">
            <summary>
            This class supports block-specific configuration design-time and is not
            intended to be used directly from your code.
            </summary>
        </member>
        <member name="T:Microsoft.Practices.EnterpriseLibrary.WindowsAzure.Autoscaling.Configuration.Design.ViewModel.CustomProtectionProviderProperty">
            <summary>
            Custom protection provider property.
            </summary>
            <remarks>
            Used to override the type converter with <see cref="T:Microsoft.Practices.EnterpriseLibrary.WindowsAzure.Autoscaling.Configuration.Design.ViewModel.CustomProtectionProviderTypeConverter"/>.
            </remarks>
        </member>
        <member name="M:Microsoft.Practices.EnterpriseLibrary.WindowsAzure.Autoscaling.Configuration.Design.ViewModel.CustomProtectionProviderProperty.#ctor(System.IServiceProvider)">
            <summary>
             Instantiates a new instance of <see cref="T:Microsoft.Practices.EnterpriseLibrary.Configuration.Design.ViewModel.ProtectionProviderProperty"/>.
            </summary>
            <param name="serviceProvider">The provider to use to locate services.</param>
        </member>
        <member name="P:Microsoft.Practices.EnterpriseLibrary.WindowsAzure.Autoscaling.Configuration.Design.ViewModel.CustomProtectionProviderProperty.NeedsProtectionProvider">
            <summary>
             Gets a value indicating that the sectio needs a protection provider.
            </summary>
        </member>
        <member name="T:Microsoft.Practices.EnterpriseLibrary.WindowsAzure.Autoscaling.Configuration.Design.ViewModel.CustomProtectionProviderTypeConverter">
            <summary>
            Custom type converter that provides protection provider names as standard values.
            </summary>
        </member>
        <member name="T:Microsoft.Practices.EnterpriseLibrary.WindowsAzure.Autoscaling.Configuration.Design.ViewModel.MetadataDiscoverDerivedConfigurationTypesService">
            <summary>
            Service class used to find configuration classes that are used to configure Enterprise Library providers.
            </summary>
            <remarks>
            In order to get an instance of this class, declare it as a constructor argument on the consuming component or use the <see cref="T:Microsoft.Practices.Unity.IUnityContainer"/> to obtain an instance from code.
            </remarks>
        </member>
        <member name="M:Microsoft.Practices.EnterpriseLibrary.WindowsAzure.Autoscaling.Configuration.Design.ViewModel.MetadataDiscoverDerivedConfigurationTypesService.#ctor(Microsoft.Practices.EnterpriseLibrary.Configuration.Design.ViewModel.Services.AssemblyLocator)">
            <summary>
            This constructor supports the configuration design-time and is not intended to be used directly from your code.
            </summary>
        </member>
        <member name="M:Microsoft.Practices.EnterpriseLibrary.WindowsAzure.Autoscaling.Configuration.Design.ViewModel.MetadataDiscoverDerivedConfigurationTypesService.#ctor(Microsoft.Practices.EnterpriseLibrary.Configuration.Design.ViewModel.Services.AssemblyLocator,Microsoft.Practices.EnterpriseLibrary.Configuration.Design.ViewModel.Services.PlatformProfile.Profile)">
            <summary>
            This constructor supports the configuration design-time and is not intended to be used directly from your code.
            </summary>
        </member>
        <member name="M:Microsoft.Practices.EnterpriseLibrary.WindowsAzure.Autoscaling.Configuration.Design.ViewModel.MetadataDiscoverDerivedConfigurationTypesService.CheckType(System.Type)">
            <summary>
            Check if type is filtered by the profile or not.
            </summary>
            <param name="type">The actual type.</param>
            <returns>True is type should be included.</returns>
        </member>
        <member name="M:Microsoft.Practices.EnterpriseLibrary.WindowsAzure.Autoscaling.Configuration.Design.ViewModel.MetadataDiscoverDerivedConfigurationTypesService.FindAvailableConfigurationElementTypes(System.Type)">
            <summary>
            Finds all the configuration classes that are used to configure a specific Enterprise Library provider base-type, such as <see cref="T:Microsoft.Practices.EnterpriseLibrary.Configuration.Design.Validation.Validator"/>.
            </summary>
            <param name="baseType">The Enterprise Library provider base-type, such as <see cref="T:Microsoft.Practices.EnterpriseLibrary.Configuration.Design.Validation.Validator"/>.</param>
            <returns>A list of <see cref="T:System.Configuration.ConfigurationElement"/> types that can be used to configure providers derived of <paramref name="baseType"/>.</returns>
        </member>
        <member name="T:Microsoft.Practices.EnterpriseLibrary.WindowsAzure.Autoscaling.Configuration.Properties.Resources">
            <summary>
              A strongly-typed resource class, for looking up localized strings, etc.
            </summary>
        </member>
        <member name="P:Microsoft.Practices.EnterpriseLibrary.WindowsAzure.Autoscaling.Configuration.Properties.Resources.ResourceManager">
            <summary>
              Returns the cached ResourceManager instance used by this class.
            </summary>
        </member>
        <member name="P:Microsoft.Practices.EnterpriseLibrary.WindowsAzure.Autoscaling.Configuration.Properties.Resources.Culture">
            <summary>
              Overrides the current thread's CurrentUICulture property for all
              resource lookups using this strongly typed resource class.
            </summary>
        </member>
        <member name="P:Microsoft.Practices.EnterpriseLibrary.WindowsAzure.Autoscaling.Configuration.Properties.Resources.AddAutoscalingSettings">
            <summary>
              Looks up a localized string similar to Add Autoscaling Settings.
            </summary>
        </member>
        <member name="P:Microsoft.Practices.EnterpriseLibrary.WindowsAzure.Autoscaling.Configuration.Properties.Resources.AzureBlobContainerNameIsInvalid">
            <summary>
              Looks up a localized string similar to The blob container names must start with a letter or number, and can contain only letters, numbers, and the dash (-) character. Every dash (-) character must be immediately preceded and followed by a letter or number; consecutive dashes are not permitted. All letters in a container name must be lowercase. And the container name must be between 3 and 63 characters long..
            </summary>
        </member>
        <member name="P:Microsoft.Practices.EnterpriseLibrary.WindowsAzure.Autoscaling.Configuration.Properties.Resources.AzureTableNameContainsInvalidCharacter">
            <summary>
              Looks up a localized string similar to The table name contains invalid characters (the table name may contain only alphanumeric characters and may not begin with a numeric character)..
            </summary>
        </member>
        <member name="P:Microsoft.Practices.EnterpriseLibrary.WindowsAzure.Autoscaling.Configuration.Properties.Resources.AzureTableNameLengthIsInvalid">
            <summary>
              Looks up a localized string similar to The table name must be between 3 through 63 characters long..
            </summary>
        </member>
        <member name="P:Microsoft.Practices.EnterpriseLibrary.WindowsAzure.Autoscaling.Configuration.Properties.Resources.ConvertInvalidPrimitive">
            <summary>
              Looks up a localized string similar to {0} is not a valid value for {1}.
            </summary>
        </member>
        <member name="P:Microsoft.Practices.EnterpriseLibrary.WindowsAzure.Autoscaling.Configuration.Properties.Resources.EnterAccountKey">
            <summary>
              Looks up a localized string similar to Please enter the account key..
            </summary>
        </member>
        <member name="P:Microsoft.Practices.EnterpriseLibrary.WindowsAzure.Autoscaling.Configuration.Properties.Resources.EnterAccountName">
            <summary>
              Looks up a localized string similar to Please enter an account name..
            </summary>
        </member>
        <member name="P:Microsoft.Practices.EnterpriseLibrary.WindowsAzure.Autoscaling.Configuration.Properties.Resources.EnterSettingsName">
            <summary>
              Looks up a localized string similar to Please enter a settings name..
            </summary>
        </member>
        <member name="P:Microsoft.Practices.EnterpriseLibrary.WindowsAzure.Autoscaling.Configuration.Properties.Resources.ReplaceConfirmation">
            <summary>
              Looks up a localized string similar to Are you sure you want to replace the current {0} by a {1}?.
            </summary>
        </member>
        <member name="P:Microsoft.Practices.EnterpriseLibrary.WindowsAzure.Autoscaling.Configuration.Properties.Resources.TimeSpanValueMustBeGreaterThanZero">
            <summary>
              Looks up a localized string similar to TimeSpan value must be greater than zero..
            </summary>
        </member>
        <member name="T:Microsoft.Practices.EnterpriseLibrary.WindowsAzure.Autoscaling.Configuration.Validation.AzureTableNameValidator">
            <summary>
            A <see cref="T:Microsoft.Practices.EnterpriseLibrary.WindowsAzure.Autoscaling.Configuration.Validation.AzureTableNameValidator"/> instance that gives an error if the table name is invalid.
            </summary>
        </member>
        <member name="M:Microsoft.Practices.EnterpriseLibrary.WindowsAzure.Autoscaling.Configuration.Validation.AzureTableNameValidator.ValidateCore(System.Object,System.String,System.Collections.Generic.IList{Microsoft.Practices.EnterpriseLibrary.Configuration.Design.Validation.ValidationResult})">
            <summary>
            Validates whether <paramref name="value"/> is in the specified range
            </summary>
            <param name="instance">The instance to validate, this is expected to be a <see cref="T:Microsoft.Practices.EnterpriseLibrary.Configuration.Design.ViewModel.Property"/></param>
            <param name="value">The value that should be validated.</param>
            <param name="results">The collection to add any results that occur during the validation.</param>
        </member>
        <member name="T:Microsoft.Practices.EnterpriseLibrary.WindowsAzure.Autoscaling.Configuration.Validation.AzureBlobContainerNameValidator">
            <summary>
            A <see cref="T:Microsoft.Practices.EnterpriseLibrary.WindowsAzure.Autoscaling.Configuration.Validation.AzureBlobContainerNameValidator"/> instance that gives an error if the table name is invalid.
            </summary>
        </member>
        <member name="M:Microsoft.Practices.EnterpriseLibrary.WindowsAzure.Autoscaling.Configuration.Validation.AzureBlobContainerNameValidator.ValidateCore(System.Object,System.String,System.Collections.Generic.IList{Microsoft.Practices.EnterpriseLibrary.Configuration.Design.Validation.ValidationResult})">
            <summary>
            Validates whether <paramref name="value"/> is in the specified range
            </summary>
            <param name="instance">The instance to validate, this is expected to be a <see cref="T:Microsoft.Practices.EnterpriseLibrary.Configuration.Design.ViewModel.Property"/></param>
            <param name="value">The value that should be validated.</param>
            <param name="results">The collection to add any results that occur during the validation.</param>
        </member>
        <member name="T:Microsoft.Practices.EnterpriseLibrary.WindowsAzure.Autoscaling.Configuration.Validation.TimeSpanGreaterThanZeroValidator">
            <summary>
            A <see cref="T:Microsoft.Practices.EnterpriseLibrary.WindowsAzure.Autoscaling.Configuration.Validation.TimeSpanGreaterThanZeroValidator"/> instance that gives an error if the TimeSpan value is zero or less.
            </summary>
        </member>
        <member name="M:Microsoft.Practices.EnterpriseLibrary.WindowsAzure.Autoscaling.Configuration.Validation.TimeSpanGreaterThanZeroValidator.ValidateCore(System.Object,System.String,System.Collections.Generic.IList{Microsoft.Practices.EnterpriseLibrary.Configuration.Design.Validation.ValidationResult})">
            <summary>
            Validates whether <paramref name="value"/> is in the specified range
            </summary>
            <param name="instance">The instance to validate, this is expected to be a <see cref="T:Microsoft.Practices.EnterpriseLibrary.Configuration.Design.ViewModel.Property"/></param>
            <param name="value">The value that should be validated.</param>
            <param name="results">The collection to add any results that occur during the validation.</param>
        </member>
    </members>
</doc>
